Product_ID,Ratings,Reviews,Mobile Name
MOBHY9N796YGFJY2,3,speaker is so bad you cannot even imagine and camera is haa thuu but all other perfomance is quite good,SAMSUNG Galaxy F55 5G
MOBHY9N796YGFJY2,3,not very good phone because price is very high k camera quality so bad battery backup mah and speaker so bad,SAMSUNG Galaxy F55 5G
MOBHY9N796YGFJY2,5,camera is good design is very good battery is also good,SAMSUNG Galaxy F55 5G
MOBHY9N796YGFJY2,3,poor camera despite mah poor battery life,SAMSUNG Galaxy F55 5G
MOBHY9N796YGFJY2,4,perfect in this price range,SAMSUNG Galaxy F55 5G
MOBHY9N796YGFJY2,5,camera shutter speed is low one photo click time to second and photo quality darker and ported photo blur to object,SAMSUNG Galaxy F55 5G
MOBHY9N796YGFJY2,1,do not buy this phone the front camera quality is like old vga camera and return is not possible so please avoid,SAMSUNG Galaxy F55 5G
MOBHY9N796YGFJY2,1,do not buy this product at the same price you can buy any other phone instead of this there is a problem with the device overheating i have played pubg for mins its like a hot pizza in my hand,SAMSUNG Galaxy F55 5G
MOBHY9N796YGFJY2,1,bad phone,SAMSUNG Galaxy F55 5G
MOBHY9N796YGFJY2,1,item not good,SAMSUNG Galaxy F55 5G
MOBHY9N796YGFJY2,1,item not good,SAMSUNG Galaxy F55 5G
MOBHY9N796YGFJY2,5,best android phone ever i use,SAMSUNG Galaxy F55 5G
MOBHY9N796YGFJY2,1,rd class product do not buy,SAMSUNG Galaxy F55 5G
MOBHY9N796YGFJY2,4,battery camera mobile display perfomance awesome blindly buy this,SAMSUNG Galaxy F55 5G
MOBHY9N796YGFJY2,1,camera is not upto mark which was my main concern photo does not have sharpness mores saturation no return option available do not purchase this phone,SAMSUNG Galaxy F55 5G
MOBHY9N796YGFJY2,3,front camera no clarity,SAMSUNG Galaxy F55 5G
MOBHY9N796YGFJY2,5,good phone but camera is okkk battery backup is low becoz its amoled,SAMSUNG Galaxy F55 5G
MOBHY9N796YGFJY2,2,very poor quality camera,SAMSUNG Galaxy F55 5G
MOBHY9N796YGFJY2,1,one of the worst phone i have ever seen total money wastage camera quality is too badnever and ever order this product this my personal suggestion rest is your will,SAMSUNG Galaxy F55 5G
MOBHY9N796YGFJY2,2,battery backup not upto mark,SAMSUNG Galaxy F55 5G
MOBHY9N796YGFJY2,5,light weight and very slim leather back makes more elegant camera is good best phone in k,SAMSUNG Galaxy F55 5G
MOBHY9N796YGFJY2,1,i am a big fan of samsung but this product is worthless and do not buy this product worst performance and worst processor disappointed,SAMSUNG Galaxy F55 5G
MOBHY9N796YGFJY2,1,do not buy this phone its a bad phone its a waste of money,SAMSUNG Galaxy F55 5G
MOBHY9N796YGFJY2,5,all is good camera is good no extra ordinary filters comfortable handling,SAMSUNG Galaxy F55 5G
MOBHY9N796YGFJY2,1,i am getting a humming sound from the speakers the design is not good it can slip from your hand at any time the build quality is not very good the most important thing is that they built this for indian consumers thinking we are fools made in india and made for india they need to fire their design team first,SAMSUNG Galaxy F55 5G
MOBHY9N796YGFJY2,5,good,SAMSUNG Galaxy F55 5G
MOBHY9N796YGFJY2,1,battery performance is very badwaste of moneyno returns applicable on product normal camera,SAMSUNG Galaxy F55 5G
MOBHY9N796YGFJY2,1,worst product from samsung m also a samsung lover but this model not good all are cheater flipkart and samsung service center it will not have return policy dt buy it guys camera quality is worst i have heating problm plzzzzz stop this kind of product,SAMSUNG Galaxy F55 5G
MOBHY9N796YGFJY2,5,phone is okay for normal,SAMSUNG Galaxy F55 5G
MOBHY9N796YGFJY2,5,good,SAMSUNG Galaxy F55 5G
MOBHY9N796YGFJY2,2,one of the worst ever phone made by samsung,SAMSUNG Galaxy F55 5G
MOBHY9N796YGFJY2,2,heating problem batt,SAMSUNG Galaxy F55 5G
MOBHY9N796YGFJY2,2,very very bad camera,SAMSUNG Galaxy F55 5G
MOBHY9N796YGFJY2,1,not worth for money very worst phone in samsung camera quality is very bad do not buy this phone,SAMSUNG Galaxy F55 5G
MOBHY9N796YGFJY2,5,good,SAMSUNG Galaxy F55 5G
MOBHY9N796YGFJY2,1,worst mobile ever seen in my life,SAMSUNG Galaxy F55 5G
MOBHY9N796YGFJY2,1,my phone is not working properly,SAMSUNG Galaxy F55 5G
MOBHY9N796YGFJY2,1,camera is worst,SAMSUNG Galaxy F55 5G
MOBHY9N796YGFJY2,5,super phon,SAMSUNG Galaxy F55 5G
MOBHY9N796YGFJY2,4,very good,SAMSUNG Galaxy F55 5G
MOBHY9N796YGFJY2,1,do not buy from here,SAMSUNG Galaxy F55 5G
MOBHY9N796YGFJY2,4,nice,SAMSUNG Galaxy F55 5G
MOBHY9N796YGFJY2,5,nice phone for daily use,SAMSUNG Galaxy F55 5G
MOBHY9N796YGFJY2,1,camera is decent not good,SAMSUNG Galaxy F55 5G
MOBHY9N796YGFJY2,1,bad front and rear cameradisplay brightness is very low,SAMSUNG Galaxy F55 5G
MOBHY9N796YGFJY2,5,very cute and smooth,SAMSUNG Galaxy F55 5G
MOBHY9N796YGFJY2,1,i feel low in weight in my hand camera is worse part with this price range overall not value for money this product,SAMSUNG Galaxy F55 5G
MOBHY9N796YGFJY2,1,worst phone do not buy camera quality waste hanging issuebattery life zeroooheating issue,SAMSUNG Galaxy F55 5G
MOBHY9N796YGFJY2,5,nice product,SAMSUNG Galaxy F55 5G
MOBHY9N796YGFJY2,1,camera foggy picture quality not good,SAMSUNG Galaxy F55 5G
MOBHY9N796YGFJY2,1,it gets very hot during charging time and the battery backup is very bad batter option motorola edge fusion,SAMSUNG Galaxy F55 5G
MOBHY9N796YGFJY2,1,camera quality is very poor total money waste,SAMSUNG Galaxy F55 5G
MOBHY9N796YGFJY2,5,good,SAMSUNG Galaxy F55 5G
MOBHY9N796YGFJY2,1,product not working,SAMSUNG Galaxy F55 5G
MOBHY9N796YGFJY2,5,ok thanks,SAMSUNG Galaxy F55 5G
MOBHY9N796YGFJY2,1,worst camera budget phones have better camera than this not worth for the money,SAMSUNG Galaxy F55 5G
MOBHY9N796YGFJY2,3,design is very good but phone is not justified its price all specs are medium quality,SAMSUNG Galaxy F55 5G
MOBHY9N796YGFJY2,5,good,SAMSUNG Galaxy F55 5G
MOBHY9N796YGFJY2,1,this phone is not justifying its price within k you can get better camera and and display in other company from day one its taking time on opening some applications and specially on camera you have to click and hold your hands for few seconds for clear pics other wise it will be blurs i checked all the setting and still the problem is same which make you frustrated apart from look nothing good in this phone totaly waste of money,SAMSUNG Galaxy F55 5G
MOBHY9N796YGFJY2,1,nothing to say very bad do not purchase this product,SAMSUNG Galaxy F55 5G
MOBHY9N796YGFJY2,5,good d,SAMSUNG Galaxy F55 5G
MOBHY9N796YGFJY2,5,very nice,SAMSUNG Galaxy F55 5G
MOBHY9N796YGFJY2,1,worst camera,SAMSUNG Galaxy F55 5G
MOBHY9N796YGFJY2,1,worst camera with this price range compared to old samsung low price and phone is lagging little,SAMSUNG Galaxy F55 5G
MOBHY9N796YGFJY2,1,totally disappointed camera is not good heating issue using hotspot for mins phone heated and became like a hot pan not expected this from samsung,SAMSUNG Galaxy F55 5G
MOBHY9N796YGFJY2,1,lowest build quality i found in any samsung till date glass broke in just days without any major drop in pocket side frame and corner started to cave just in days to day use even chinese brand gover better build frame quality plastic feel cheap,SAMSUNG Galaxy F55 5G
MOBHY9N796YGFJY2,1,no adapter no case cover no head phones jack hope its really bad waste of money,SAMSUNG Galaxy F55 5G
MOBGYT2HEYWFCG8Q,5,good,SAMSUNG Galaxy A35 5G
MOBGYT2HEYWFCG8Q,5,good product,SAMSUNG Galaxy A35 5G
MOBGYT2HEYWFCG8Q,4,overall good,SAMSUNG Galaxy A35 5G
MOBGYT2HEYWFCG8Q,5,nice and affordable,SAMSUNG Galaxy A35 5G
MOBGYT2HEYWFCG8Q,3,in this range not satisfied to samsungbattery backup not good heat problem and more,SAMSUNG Galaxy A35 5G
MOBGYT2HEYWFCG8Q,5,very nice,SAMSUNG Galaxy A35 5G
MOBGYT2HEYWFCG8Q,5,awesome smartphone with great camera and design best for professional usage and casual gaming,SAMSUNG Galaxy A35 5G
MOBGYT2HEYWFCG8Q,5,fully satisfied with the brand new a,SAMSUNG Galaxy A35 5G
MOBGYT2HEYWFCG8Q,3,heating problem,SAMSUNG Galaxy A35 5G
MOBGYT2HEYWFCG8Q,5,the battery drains fast all other features are good at this price better opt for other options,SAMSUNG Galaxy A35 5G
MOBGYT2HEYWFCG8Q,5,brand is brand,SAMSUNG Galaxy A35 5G
MOBGYT2HEYWFCG8Q,4,nice phone,SAMSUNG Galaxy A35 5G
MOBGYT2HEYWFCG8Q,5,displayit looks awesome check my images camera excellent picture and details captured video front camera k awesome battery the normal user two days and heavy using user one days,SAMSUNG Galaxy A35 5G
MOBGYT2HEYWFCG8Q,4,good phone camera could have been better for this price,SAMSUNG Galaxy A35 5G
MOBGYT2HEYWFCG8Q,5,awesome phone the navy color looks so good design is fantastic speakers r not like samsung with default settings but when slider is set to towards r the effect increases the caller speaker l acts as a nd speaker so that is why sound quality weakens on default depends on person to person a single charge at around am will give all day backup without heavy usage like games and all but its a go for it phone for sure no regrets delivery was very slow that is the only issue,SAMSUNG Galaxy A35 5G
MOBGYT2HEYWFCG8Q,4,overall good mobile,SAMSUNG Galaxy A35 5G
MOBGYT2HEYWFCG8Q,3,galaxy a processor is extremely slow,SAMSUNG Galaxy A35 5G
MOBGYT2HEYWFCG8Q,5,better than mseries,SAMSUNG Galaxy A35 5G
MOBGYT2HEYWFCG8Q,5,good quality,SAMSUNG Galaxy A35 5G
MOBGYT2HEYWFCG8Q,4,almost good and value for money,SAMSUNG Galaxy A35 5G
MOBGYT2HEYWFCG8Q,5,best in this price range,SAMSUNG Galaxy A35 5G
MOBGYT2HEYWFCG8Q,5,the handset performance is very good and delivery service is very good and upto mark the device are not a gaming device as it is a mid range processor but it really does serve the purpose of multi tasking image processing etc you can do a bit of gaming but donot expect too much for that purpose the display is next level and customisation experience is taken to a whole new level by thr good lock app and remember it needs to be updated as soon as taken out from the box loving the device and no read more,SAMSUNG Galaxy A35 5G
MOBGYT2HEYWFCG8Q,3,battery backup is very poor its giving me very hard time,SAMSUNG Galaxy A35 5G
MOBGYT2HEYWFCG8Q,3,good for normal usage,SAMSUNG Galaxy A35 5G
MOBGYT2HEYWFCG8Q,5,love this product thank you flipkart,SAMSUNG Galaxy A35 5G
MOBGYT2HEYWFCG8Q,4,nice samsung mobile a and good quality good camera and handset quality superb quality,SAMSUNG Galaxy A35 5G
MOBGYT2HEYWFCG8Q,5,camera is good colours are saturated performance is ok for me best phone under k speakers are loud display quality is best some time hdr video skips but after update its ok circle too search is available in this overall best phone for day to day life,SAMSUNG Galaxy A35 5G
MOBGYT2HEYWFCG8Q,4,good,SAMSUNG Galaxy A35 5G
MOBGYT2HEYWFCG8Q,4,if you buy under k then its a good mid range ph design and build quality was great camera was not best but under k its value for money day by day used its have full of features and have deference experience,SAMSUNG Galaxy A35 5G
MOBGYT2HEYWFCG8Q,5,good look and no heating issue,SAMSUNG Galaxy A35 5G
MOBGYT2HEYWFCG8Q,5,best phone ever i have bought at this budget,SAMSUNG Galaxy A35 5G
MOBGYT2HEYWFCG8Q,5,fine,SAMSUNG Galaxy A35 5G
MOBGYT2HEYWFCG8Q,5,samsung is the very best,SAMSUNG Galaxy A35 5G
MOBGYT2HEYWFCG8Q,5,for a budget phone its overpriced performance is ok its a decent product for the price but overall features are great if you are not into gaming and do not want to spend on galaxy s series lineup then you can consider this phone,SAMSUNG Galaxy A35 5G
MOBGYT2HEYWFCG8Q,5,beautiful mobile,SAMSUNG Galaxy A35 5G
MOBGYT2HEYWFCG8Q,5,awesome phone,SAMSUNG Galaxy A35 5G
MOBGYT2HEYWFCG8Q,4,best product provided to me,SAMSUNG Galaxy A35 5G
MOBGYT2HEYWFCG8Q,5,osm,SAMSUNG Galaxy A35 5G
MOBGYT2HEYWFCG8Q,3,body made with plastic camera quality is poor battery back is not upto the mark basic drawback is samsung not provided adeptor,SAMSUNG Galaxy A35 5G
MOBGYT2HEYWFCG8Q,3,heating issue n also camera is ok ok,SAMSUNG Galaxy A35 5G
MOBGYT2HEYWFCG8Q,2,charging point wrost,SAMSUNG Galaxy A35 5G
MOBGYT2HEYWFCG8Q,4,i loved the product,SAMSUNG Galaxy A35 5G
MOBGYT2HEYWFCG8Q,4,nice product,SAMSUNG Galaxy A35 5G
MOBGYT2HEYWFCG8Q,4,this mobile has a sharp screen good battery life and a decent camera for photos its smooth for everyday use but not the best for highend gaming the design is sleek and its easy to hold a solid choice if you are looking for a budgetfriendly phone,SAMSUNG Galaxy A35 5G
MOBGYT2HEYWFCG8Q,4,i am happy,SAMSUNG Galaxy A35 5G
MOBGYT2HEYWFCG8Q,4,not impressed with battery backup overall budget phone go for it,SAMSUNG Galaxy A35 5G
MOBGYT2HEYWFCG8Q,5,awesome phone,SAMSUNG Galaxy A35 5G
MOBGYT2HEYWFCG8Q,5,good,SAMSUNG Galaxy A35 5G
MOBGYT2HEYWFCG8Q,5,good,SAMSUNG Galaxy A35 5G
MOBGYT2HEYWFCG8Q,5,go for it guys best mobile,SAMSUNG Galaxy A35 5G
MOBGYT2HEYWFCG8Q,5,camera good performance,SAMSUNG Galaxy A35 5G
MOBGYT2HEYWFCG8Q,5,used the phone for a month now excellent phone only drawback is the quick draining of battery,SAMSUNG Galaxy A35 5G
MOBGYT2HEYWFCG8Q,5,worth to buy camera superb battery backup amazing display smooth performance good overall it is a good buy for people who want a good phone in a decent budget for a regular use,SAMSUNG Galaxy A35 5G
MOBGYT2HEYWFCG8Q,5,worth it,SAMSUNG Galaxy A35 5G
MOBGYT2HEYWFCG8Q,5,i love this product its really very nice product geniune product thank you fli,SAMSUNG Galaxy A35 5G
MOBGYT2HEYWFCG8Q,5,awesome,SAMSUNG Galaxy A35 5G
MOBGYT2HEYWFCG8Q,5,just i love samsung products,SAMSUNG Galaxy A35 5G
MOBGYT2HEYWFCG8Q,5,performance is excellent but samsung should be improve the charging support and also need improvement on hdr video playback support,SAMSUNG Galaxy A35 5G
MOBGYT2HEYWFCG8Q,5,this phone make me happy greater than expectedthank you so much for this service,SAMSUNG Galaxy A35 5G
MOBGYT2HEYWFCG8Q,5,smooth and shine good quality,SAMSUNG Galaxy A35 5G
MOBGYT2HEYWFCG8Q,5,nice product i love it phone shape is beautiful look like a samsung s series,SAMSUNG Galaxy A35 5G
MOBGYT2HEYWFCG8Q,5,its good phone i buy it under in this budget its good phone only the problem is battery drain little faster,SAMSUNG Galaxy A35 5G
MOBGYT2HEYWFCG8Q,5,product is good,SAMSUNG Galaxy A35 5G
MOBGYT2HEYWFCG8Q,5,samsung a g mobile complete function super,SAMSUNG Galaxy A35 5G
MOBGYT2HEYWFCG8Q,3,battery drained issue,SAMSUNG Galaxy A35 5G
MOBGYT2HEYWFCG8Q,3,overall okay but network issues cannot play game need to connect wifi even though we have g in our area,SAMSUNG Galaxy A35 5G
MOBGYT2HEYWFCG8Q,3,voice not clear heating problem and pic quality is below average,SAMSUNG Galaxy A35 5G
MOBGYT2HEYWFCG8Q,5,amazing camera mind blowing display and performance of mobile battery backup is also good,SAMSUNG Galaxy A35 5G
MOBGYT2HEYWFCG8Q,3,major heating issue and battery drains so quickly,SAMSUNG Galaxy A35 5G
MOBGYT2HEYWFCG8Q,5,very good,SAMSUNG Galaxy A35 5G
MOBGYT2HEYWFCG8Q,2,battery issue charging issue every time need reset battery setting for fast charging,SAMSUNG Galaxy A35 5G
MOBGYT2HEYWFCG8Q,3,this is all full body plastic use material so may experience bad,SAMSUNG Galaxy A35 5G
MOBGYT2HEYWFCG8Q,4,phone is heating at start,SAMSUNG Galaxy A35 5G
MOBGYT2HEYWFCG8Q,5,excellent,SAMSUNG Galaxy A35 5G
MOBGYT2HEYWFCG8Q,4,ok overall ok out of,SAMSUNG Galaxy A35 5G
MOBGYT2HEYWFCG8Q,1,heating issues of xenos processor dispaly is very good weight is also not balanced not like it,SAMSUNG Galaxy A35 5G
MOBGYT2HEYWFCG8Q,2,phone is good i am very much impressed with ui but camara is ok ok battery not good prosser dose the job if you take min call phone will hitting issue charging seep very bad,SAMSUNG Galaxy A35 5G
MOBGYT2HEYWFCG8Q,3,good display quality and battery life but the size of the device is not very handy feels too big in hand not a comfortable phone to hold with one hand camera not is very poor at this price point,SAMSUNG Galaxy A35 5G
MOBGYT2HEYWFCG8Q,1,heating issues at day only,SAMSUNG Galaxy A35 5G
MOBGYT2HEYWFCG8Q,4,beautiful fone,SAMSUNG Galaxy A35 5G
MOBGYT2HEYWFCG8Q,5,product is excellent,SAMSUNG Galaxy A35 5G
MOBGYT2HEYWFCG8Q,5,i just love it thank you flipkart,SAMSUNG Galaxy A35 5G
MOBGYT2HEYWFCG8Q,5,awesome mobile,SAMSUNG Galaxy A35 5G
MOBGYT2HEYWFCG8Q,1,very bad battery,SAMSUNG Galaxy A35 5G
MOBGYT2HEYWFCG8Q,1,heating iss,SAMSUNG Galaxy A35 5G
MOBGYT2HEYWFCG8Q,5,super and awesome worth for it,SAMSUNG Galaxy A35 5G
MOBGYT2HEYWFCG8Q,5,awasome mobile phone,SAMSUNG Galaxy A35 5G
MOBGYT2HEYWFCG8Q,2,major issues is battery discharge very fast and charging very slow second main issues is hitting toomuch it make me scare it will be blast anytime and because of hitting issues i cannot usehold phone much more time,SAMSUNG Galaxy A35 5G
MOBGYT2HEYWFCG8Q,5,awesome products,SAMSUNG Galaxy A35 5G
MOBGYT2HEYWFCG8Q,1,worst mobil,SAMSUNG Galaxy A35 5G
MOBGYT2HEYWFCG8Q,4,very nice product,SAMSUNG Galaxy A35 5G
MOBGYT2HEYWFCG8Q,4,mobile was superb really good,SAMSUNG Galaxy A35 5G
MOBGYT2HEYWFCG8Q,4,nice look and good performance,SAMSUNG Galaxy A35 5G
MOBGYT2HEYWFCG8Q,4,classy design,SAMSUNG Galaxy A35 5G
MOBGYT2HEYWFCG8Q,5,good,SAMSUNG Galaxy A35 5G
MOBGYT2HEYWFCG8Q,5,very good,SAMSUNG Galaxy A35 5G
MOBGYT2HEYWFCG8Q,5,good mid range premium phone,SAMSUNG Galaxy A35 5G
MOBGYT2HEYWFCG8Q,5,nice phone,SAMSUNG Galaxy A35 5G
MOBGYT2HEYWFCG8Q,5,good,SAMSUNG Galaxy A35 5G
MOBGYT2HEYWFCG8Q,5,nice phhne,SAMSUNG Galaxy A35 5G
MOBHFHDRVUDB3HFX,5,i ordered this phone due to a sudden issue with my old poco x after years of using other brands its great to be back with motorola the moto edge neo is not for typical users who want a bigger battery display and performance instead its perfect for those who prefer a compact onehanded phone with a great display and smooth functionality its not designed for gamers but suits those who appreciate a compact design with good performance thanks to motorola for offering such a co read more,MOTOROLA Edge 50 Neo
MOBHFHDRVUDB3HFX,5,this feels really very premium quality is good at this price point along with years update the camera is quite good as it offers x optical zoom touch and finish feels premium charging speed is really fast with a watt charger moto gestures are a big plus its like an iphone of the android offering a year update must buy if you are looking for an all rounder phone,MOTOROLA Edge 50 Neo
MOBHFHDRVUDB3HFX,5,must know before buying this phone do not buy if you are a gamer reel addict or doom scroller must buy if you want durable long lasting simple compact phone which gets the job done mind it this phone does not have greatest processor or battery but its built like a tank and its camera hardware is very good software processing needs to be fixed battery lasts a day if you use your phone like a tool it is and not like an addict hope it helps,MOTOROLA Edge 50 Neo
MOBHFHDRVUDB3HFX,5,i will write the review after a few days of usage till then the phone is not heating a lot you will face a little trouble in finding the display tempered glass as the phone is too short and new overall good but the transferring speed of data in ufs seems a little slow but you will not feel anything in day to day usage overall a good phone you can check next i will edit this after days of usage writing after days of usage phone display is too good so the speaker you may f read more,MOTOROLA Edge 50 Neo
MOBHFHDRVUDB3HFX,5,display is amazing phone is very compact battery should be atleast mah otherwise everything is great,MOTOROLA Edge 50 Neo
MOBHFHDRVUDB3HFX,4,yes battery drain fast but i was looking for compact device and samsung was out of my range so purchased this please make smaller devices between to inch devices,MOTOROLA Edge 50 Neo
MOBHFHDRVUDB3HFX,5,i recently purchased the motorola edge neo and it has exceeded my expectations the sleek design and vibrant display make for a stunning visual experience while the performance is incredibly smooth handling all apps and games effortlessly the camera quality is fantastic capturing sharp and vivid photos even in low light battery life is impressive lasting through a full day of heavy use i also love the clean android experience without any bloatware overall this phone offers ama read more,MOTOROLA Edge 50 Neo
MOBHFHDRVUDB3HFX,5,good phone,MOTOROLA Edge 50 Neo
MOBHFHDRVUDB3HFX,5,ditched my decision of buying edge fusion at the last minute and went with this its a wonderful phone performance is good for some one who does routine tasks and not into extreme gaming though i had no issue with playing pubg pros design and look and color great display small and light form factor camera os and moto ai especially ai generated wallpaper performance no heating cons small battery no audio jack also was confused between poinci read more,MOTOROLA Edge 50 Neo
MOBHFHDRVUDB3HFX,5,good product moto nice work,MOTOROLA Edge 50 Neo
MOBHFHDRVUDB3HFX,5,all rounder phone must buy totally my rating camera,MOTOROLA Edge 50 Neo
MOBHFHDRVUDB3HFX,5,if you are looking for a compact phone with good cameras and decent performance and stock android without any ads this phone is for you pros display is really impressive with k hz ltpo and bezels are so thin design is very eye pleadings with vegan leather and it is so comfortable to hold battery backup is actually good i was expecting worse i got sot hrs with moderate usage refresh rate at auto camera is really good in this price range with x telephoto i am addicte read more,MOTOROLA Edge 50 Neo
MOBHFHDRVUDB3HFX,5,here is a review based on experience motorola edge neo review a solid performer rating i have spent hours with the motorola edge neo and here is my initial impression pros decent design the phone looks sleek and premium with a comfortable grip impressive camera the camera performance is impressive capturing crisp and detailed photos smooth performance the device handles everyday tasks seamlessly with no noticeable lag featurepacked co read more,MOTOROLA Edge 50 Neo
MOBHFHDRVUDB3HFX,5,all rounder phone i wish the battery was but that is fine no phone is perfect at all cameras are all usable and great not like other brands giving useless cameras but sometimes i feel the photos are over saturated awesome display and the smart connect feature is damn useful and great the back cover is good quality and the leather is smelling very nice and sweet and i chose this phone over edge and edge fusion just because of its flat display in short if you need a good ph read more,MOTOROLA Edge 50 Neo
MOBHFHDRVUDB3HFX,5,ordered th september and delivered on th camera performance is very good size and weight is fabulous screen quality excellent battery draing quite faster,MOTOROLA Edge 50 Neo
MOBHFHDRVUDB3HFX,5,this phone is a perfect compact sized mid ranger for daily tasking n multi media etc do not consider it specifically for gaming overall a very balanced phone until now the in hand feel is very premium the phone is light and fits very well in the hand because of its in compact display motos hello ui is very clean and smooth with lots of features n customisations feels very premium battery life considering the mah battery is very optimised and can easily last up to hr read more,MOTOROLA Edge 50 Neo
MOBHFHDRVUDB3HFX,5,very good camera good mobile the price and all rounder phone,MOTOROLA Edge 50 Neo
MOBHFHDRVUDB3HFX,5,delivered within hrs perfect in size easy and comfortable to hold cover supplied is not good risk of mobile getting damaged if dropped excellent performance fast sharp colours sharp snaps even in low light battery capacity is low had to charge in between may not go for full day even for moderate use,MOTOROLA Edge 50 Neo
MOBHFHDRVUDB3HFX,5,the mobile is outstanding at this price range but there is battery drain issue,MOTOROLA Edge 50 Neo
MOBHFHDRVUDB3HFX,4,this feels really very premium quality is good at this price point along with years update the camera is quite good as it offers x optical zoom touch and finish feels premium,MOTOROLA Edge 50 Neo
MOBHFHDRVUDB3HFX,5,overall compact phone sound is like a dj very good sound quality camera is very osm and display is very premium first impression is good and good feel in hand battery is also good if you are a normal user one day delivery is just amazing and delivery agent was very polite and humble he even do open box delivery but there is no open box delivery provided thank you flipkart,MOTOROLA Edge 50 Neo
MOBHFHDRVUDB3HFX,5,best segment phone with great cameras and performance i have been using this for a week now it has really good cameras with good performance the battery performs well and gives a full day on a single charge it also takes around mins to charge full it feels very snappy and the display is really good the size is also very comfortable thanks to its compact size the only cons that i feel about this phone is the camera app it stutters a lot i felt while taking pictures maybe if m read more,MOTOROLA Edge 50 Neo
MOBHFHDRVUDB3HFX,5,amazing phone cameras are definitely worth it at this price rangesome people are saying reddish toneyes slightly but it looks really good to be honest absolutely social media ready picsand the portraits are top top notch believe methe only cons are battery life but its a compact phone we cannot expect morebut still it will easily backup for a decent amount of sotand yeah the camera app lags only major con i have found so far otherwise the phone is an absolute all rounderi read more,MOTOROLA Edge 50 Neo
MOBHFHDRVUDB3HFX,5,its valuable,MOTOROLA Edge 50 Neo
MOBHFHDRVUDB3HFX,5,excellent device purchased in first one hour sale tnx flipkart,MOTOROLA Edge 50 Neo
MOBHFHDRVUDB3HFX,5,a total worth option for mid range wide utility phone,MOTOROLA Edge 50 Neo
MOBHFHDRVUDB3HFX,5,its amazing product for the price its a compact phone and light weight with good specifications,MOTOROLA Edge 50 Neo
MOBHFHDRVUDB3HFX,4,excellent,MOTOROLA Edge 50 Neo
MOBHFHDRVUDB3HFX,4,the product is the best quality budget phone by moto the ui is nice the screen is so sharp and the audio is good the camera is good except there is a software glitch in the x camera it shifts to x on the main camera other than the dedicated one except for that the rest is an excellent device,MOTOROLA Edge 50 Neo
MOBHFHDRVUDB3HFX,5,its been days now i am using this in pantone latte colour everything is just as good as promised by moto great job motorola worth buying adding some camera samples do checkout,MOTOROLA Edge 50 Neo
MOBHFHDRVUDB3HFX,5,great compact phone suitable for people who likes compact phones light weight gwith a decent camera overall a premium phone with a good display stock android experience on screen fingerprint works oknot so fast,MOTOROLA Edge 50 Neo
MOBHFHDRVUDB3HFX,5,all rounder phone in segment,MOTOROLA Edge 50 Neo
MOBHFHDRVUDB3HFX,5,amazing product from motorola though since first generation moto razr days i am using a motorola phone and i have seen the transition i am not a heavy user not a game user i have liked the phone very much better than the s s available in the market bcz it comes at half a price,MOTOROLA Edge 50 Neo
MOBHFHDRVUDB3HFX,4,camera skin tone is wrong so require manual edit to edit skin tone with google photosother way its good battery normal usage day heavy use usage without game around hrs sot display good no hang issue yet using from one week good for normal usage phone,MOTOROLA Edge 50 Neo
MOBHFHDRVUDB3HFX,4,phon feels premium the display is very good at k resolution motorola should provide some native apps like note taking appsfile managers etc and i hope updates will come in timely manner,MOTOROLA Edge 50 Neo
MOBHFHDRVUDB3HFX,4,everything is exceptional at this price range motorola just needs to provide camera update to improve indian skin tone camera is also excellent except human skin tone,MOTOROLA Edge 50 Neo
MOBHFHDRVUDB3HFX,5,this product is just awesome love it and camera is top notch fully satisfied better than edge fusion,MOTOROLA Edge 50 Neo
MOBHFHDRVUDB3HFX,5,i am so happy with the product and was even surprised with the battery life yesterday the phone was at percent battery with and half hours of screen time with moderate usage on wifi one place it lacks is camera performance in low light,MOTOROLA Edge 50 Neo
MOBHFHDRVUDB3HFX,5,after using it for a week i am here to write this review one word is a fabulous device which meets all my needs it has good network connectivity great camera and smooth performance also moto promised to provide five years of software update but still not get anything from their sides i am a moderate user and not playing any game on my device for me battery lasts about days easily,MOTOROLA Edge 50 Neo
MOBHFHDRVUDB3HFX,5,first thing is its very handy good camera clarity in min charge will complete huge storage compact smartphone fantastic i like this smartphone,MOTOROLA Edge 50 Neo
MOBHFHDRVUDB3HFX,5,overall good handy phone and display is super battery is working all day,MOTOROLA Edge 50 Neo
MOBHFHDRVUDB3HFX,5,size of this phone is too satisfied for me ovar all is very good loved it,MOTOROLA Edge 50 Neo
MOBHFHDRVUDB3HFX,5,great phone and feature loaded phone at this price range awesome phone love it,MOTOROLA Edge 50 Neo
MOBHFHDRVUDB3HFX,5,just the phone i was waiting for not a flagship but its a practical daily use phone loved the form factor most,MOTOROLA Edge 50 Neo
MOBHFHDRVUDB3HFX,5,best phone with clean pixel like ui best in design and light weight feels wonderful best best with k display with hdr support best in capturing photos work with moto ai fast charging decent battery life and low heating issues and even comes with w wireless charging performance is quite good only for light user this phone is not made for gamer to be honest,MOTOROLA Edge 50 Neo
MOBHFHDRVUDB3HFX,4,the phone tends to heat up in daily usage a typical characteristic of a mediatek processor phone a hard case is included in the box a soft case would have been a better option display looks crisp camera is decent performance while taking photos could have been improved from software perspective migrated from an old phone to this one all apps got installed some got missed now installing those and logging in into all the apps,MOTOROLA Edge 50 Neo
MOBHFHDRVUDB3HFX,4,i am so happy with,MOTOROLA Edge 50 Neo
MOBHFHDRVUDB3HFX,5,its a great phone using it for days here is my thoughts on the phone display it has a gorgeous display with adequate brightness camera good quality camera takes excellent portrait shots battery decent battery lasts for a day design very sleek compact and stylish performance good for non gaming users i did not experience any lag so far additional things like charger in the box plastic case wireless charging support nfc years os update makes it a worthy phone to buy i read more,MOTOROLA Edge 50 Neo
MOBHFHDRVUDB3HFX,5,slim fit and weight camera is like dslr year software update and year security patch overall very nice and lovely phone now expectations is so high that we need internet speed metermusic player galleryits my request to motorola edge please update it in software than its superb and superb,MOTOROLA Edge 50 Neo
MOBHFHDRVUDB3HFX,5,camera skin tone improve kr de to best phone hi under k,MOTOROLA Edge 50 Neo
MOBHFHDRVUDB3HFX,5,compact phone with smooth performance ok cameras close to stock ui experience excellent display slight heating while charging which is normal w charger can take around hr for full charge battery backup can be better cannot go full day for power users even though it has ltpo display,MOTOROLA Edge 50 Neo
MOBHFHDRVUDB3HFX,5,very good,MOTOROLA Edge 50 Neo
MOBHFHDRVUDB3HFX,4,why this phone does not have internet speed metre over all compact mobile good for day to day user,MOTOROLA Edge 50 Neo
MOBHFHDRVUDB3HFX,4,as a phone it has everything all you need its a compact fullpackage phone with highquality hands feel phone there is just one problem which is its display color gamut its display color is a bit saturated you need to set natural cool and its good to go,MOTOROLA Edge 50 Neo
MOBHFHDRVUDB3HFX,5,the motorola edge neo impresses with its premium design and vibrant inch oled display delivering stunning visuals and smooth scrolling its camera system captures detailed photos particularly in welllit conditions making it a great choice for photography enthusiasts with solid performance powered by capable hardware it handles multitasking and gaming effectively the battery life is commendable easily lasting throughout the day overall the edge neo is a wellrounded smartp read more,MOTOROLA Edge 50 Neo
MOBHFHDRVUDB3HFX,5,not too large nor small a good device for gneral purpose i love this device,MOTOROLA Edge 50 Neo
MOBHFHDRVUDB3HFX,5,people are telling about battery is not good but after using days i found that battery is also very good no issue related to battery drainage all things are wow compact design lovely camera wonderful display everything is available in this budget phone,MOTOROLA Edge 50 Neo
MOBHFHDRVUDB3HFX,5,camera is awesome display size is handy and comfortable while holding the phone great thing is yrs os and years security updates really good phone at this price,MOTOROLA Edge 50 Neo
MOBHFHDRVUDB3HFX,5,best phone for me according to its compact form facto it also have best camera under k segment and design is also good display is awesome but price should be a little bit lower under k else everything is g,MOTOROLA Edge 50 Neo
MOBHFHDRVUDB3HFX,5,it is very good its brightness is nits and it runs very smoothly because of the telephoto lens in the camera it captures very clear photos i am able to use this mobile with rating while taking bath in the swing pool,MOTOROLA Edge 50 Neo
MOBHFHDRVUDB3HFX,5,except for the battery the phone is excellent very happy with that phone,MOTOROLA Edge 50 Neo
MOBHFHDRVUDB3HFX,5,best handy phonevery comfortable to usedisplay is awesome,MOTOROLA Edge 50 Neo
MOBHFHDRVUDB3HFX,5,excellent phone with great features upgraded from realme gt master edition the camera and display is excellent battery is also decent and can last a day easily,MOTOROLA Edge 50 Neo
MOBHFHDRVUDB3HFX,5,satisfied,MOTOROLA Edge 50 Neo
MOBHFHDRVUDB3HFX,5,i have been looking for a perfect phone since a long and had done enough research and was confused between two but finally i went for this and trust me this is one of the best decision i took flipkart delivery was fast coming to phone yes it has smaller battery and as per everyone i had same concern but moto has done a great optimization and till now i completed to cycle and every time i got more than hours of screen on time with moderate usage camera is mindboggling perf read more,MOTOROLA Edge 50 Neo
MOBHFHDRVUDB3HFX,5,excellent product display camera in hand feel battery performance overall good product thanks flipkart,MOTOROLA Edge 50 Neo
MOBHFHDRVUDB3HFX,5,beautiful design love this compact phone,MOTOROLA Edge 50 Neo
MOBHFHDRVUDB3HFX,5,delivered on th sep in first look it looks like pocket dynamite handy size ultra premium bulid light weight i will be testing it and upload some more data in upcoming days look display sound camer performance overall,MOTOROLA Edge 50 Neo
MOBHFHDRVUDB3HFX,5,everything is fine display camera performance battery go for this,MOTOROLA Edge 50 Neo
MOBHFHDRVUDB3HFX,5,lovely phone,MOTOROLA Edge 50 Neo
MOBHFHDRVUDB3HFX,4,nice camera,MOTOROLA Edge 50 Neo
MOBHFHDRVUDB3HFX,4,my honest review after using this phone for days camera should be improve pic r so seturated and skin colour must be improve eventually i think motorola forget to work on camera department,MOTOROLA Edge 50 Neo
MOBHFHDRVUDB3HFX,5,best in the segment love moto,MOTOROLA Edge 50 Neo
MOBHFHDRVUDB3HFX,5,outstanding performance design is excellent,MOTOROLA Edge 50 Neo
MOBHFHDRVUDB3HFX,5,the phone is excellent in its price segment believe me you will not regret the decision of buying this aesthetic beauty the compact factor and its k ltpo display with its oustanding haptics gives it a clear edge over the other phones of this price segment and the battery is decent one not for heavy users bt good for daily usage,MOTOROLA Edge 50 Neo
MOBHFHDRVUDB3HFX,5,overall a good phone but the battery and performance is low as compared to the poco x pro phone in same price segment,MOTOROLA Edge 50 Neo
MOBHFHDRVUDB3HFX,3,selfies coming too saturated with unrealistic redorange tone skin tones in normal mode phone warms in normal usage also battery life is small overall average phone,MOTOROLA Edge 50 Neo
MOBHFHDRVUDB3HFX,3,its network reception quality is poor,MOTOROLA Edge 50 Neo
MOBHFHDRVUDB3HFX,3,battery could have been mah camera best amongst similar price phones but phone majorly lacks in performance even the camera setup although perfect lags due to processor in k price range battery and processor are major flaws design and form factor is something you do not find elsewhere so if your priority is good looking camera phone which can be single handedly used go for it performance seekers pls avoid it,MOTOROLA Edge 50 Neo
MOBHFHDRVUDB3HFX,3,good product motorola,MOTOROLA Edge 50 Neo
MOBHFHDRVUDB3HFX,4,nice product battery is improved after use on week pre applied tempered glass should be there my rating is for moto,MOTOROLA Edge 50 Neo
MOBHFHDRVUDB3HFX,4,very compact and great hand feel great display hello moto ui is very sleek and also feature packed,MOTOROLA Edge 50 Neo
MOBHFHDRVUDB3HFX,4,ok ok,MOTOROLA Edge 50 Neo
MOBHFHDRVUDB3HFX,4,great smartphone,MOTOROLA Edge 50 Neo
MOBHFHDRVUDB3HFX,4,nice product,MOTOROLA Edge 50 Neo
MOBHFHDRVUDB3HFX,4,its a good phone but the battery and camera are compromised,MOTOROLA Edge 50 Neo
MOBHFHDRVUDB3HFX,4,great valueformoney phone compact size lightweight great battery life because of the ltpo displays charging is fast enough for me great photos too videos are okay i hope they do indeed give years of updates even if they do not this is good for at least years ram management is top notch software does have minor lags and stutter but nothing more than a few milliseconds go for it if you are a regular user,MOTOROLA Edge 50 Neo
MOBHFHDRVUDB3HFX,4,good smartphone in this range everything is good except battery battery should be little more durable,MOTOROLA Edge 50 Neo
MOBHFHDRVUDB3HFX,4,camera having a some issues like over contrast images click so fix this in update overall product is very good camera is not good and skin tone issue so please fix in update,MOTOROLA Edge 50 Neo
MOBHFHDRVUDB3HFX,4,very good mobile,MOTOROLA Edge 50 Neo
MOBHFHDRVUDB3HFX,4,its very handy phone light weight and good design battery could have been better other than that i love this mobile definitely go for it for this rangeyou will not regret,MOTOROLA Edge 50 Neo
MOBHFHDRVUDB3HFX,4,very nice phone,MOTOROLA Edge 50 Neo
MOBHFHDRVUDB3HFX,4,all rounder phone for the price range,MOTOROLA Edge 50 Neo
MOBHFHDRVUDB3HFX,3,photo quality not ok,MOTOROLA Edge 50 Neo
MOBHFHDRVUDB3HFX,5,after using one week i am writing this reviewtrust me battery is very good for non heavy user it will go almost dayswithin min full phone will chargeits give you premium feel like i phoneother display is awesomecamera is good in this rangeone thing you need to immediately put safely glass thank you moto,MOTOROLA Edge 50 Neo
MOBHFHDRVUDB3HFX,5,loving it,MOTOROLA Edge 50 Neo
MOBHFHDRVUDB3HFX,5,awesome experience but flipkart delivery pathetic but still product is nice and sturdy everyone will ask once which is this device as its looks are stunning,MOTOROLA Edge 50 Neo
MOBHFHDRVUDB3HFX,5,perfect small size phone in excellent price bracket offers almost all features from wireless charging to nfc support all in all a perfect package of power and performance totally satisfied with my purchase,MOTOROLA Edge 50 Neo
MOBHFHDRVUDB3HFX,5,value for money everything is best this phone do not have curve display which is better for phone safety neo is better than fusion,MOTOROLA Edge 50 Neo
MOBHFHDRVUDB3HFX,5,very handy and compact phone compared to other in market super smooth perfect camera very good macro photos capabilities brilliant display and on a single charge it last around roughly days without any issueon battery saver solid package,MOTOROLA Edge 50 Neo
MOBH25ZHN4MRWKFT,5,this product is good,OnePlus Nord CE4 lite 5G
MOBH25ZHN4MRWKFT,5,nice product,OnePlus Nord CE4 lite 5G
MOBH25ZHN4MRWKFT,5,good,OnePlus Nord CE4 lite 5G
MOBH25ZHN4MRWKFT,5,good phone,OnePlus Nord CE4 lite 5G
MOBH25ZHN4MRWKFT,5,nice phone nice camera battery performance is very good,OnePlus Nord CE4 lite 5G
MOBH25ZHN4MRWKFT,4,very good,OnePlus Nord CE4 lite 5G
MOBH25ZHN4MRWKFT,4,good performance,OnePlus Nord CE4 lite 5G
MOBH25ZHN4MRWKFT,5,good very good job nice very beautiful in time thanks very much very nice very nice very nice platfarm nice good job and very happy,OnePlus Nord CE4 lite 5G
MOBH25ZHN4MRWKFT,5,good,OnePlus Nord CE4 lite 5G
MOBH25ZHN4MRWKFT,5,an excellent camera phone,OnePlus Nord CE4 lite 5G
MOBH25ZHN4MRWKFT,4,good,OnePlus Nord CE4 lite 5G
MOBH25ZHN4MRWKFT,3,after using it for days the network is not stable it always shifts from g to g and the internet stops working only the look is good nothing else battery backup is good important network connectivity is very bad,OnePlus Nord CE4 lite 5G
MOBH25ZHN4MRWKFT,5,very very nice phone,OnePlus Nord CE4 lite 5G
MOBH25ZHN4MRWKFT,5,all over good product nice photography best looking nice battery backup but not completely compact mobile comparison to moto g at this range,OnePlus Nord CE4 lite 5G
MOBH25ZHN4MRWKFT,5,best phone in this price range,OnePlus Nord CE4 lite 5G
MOBH25ZHN4MRWKFT,4,first of all delivery is great and also the mobile too,OnePlus Nord CE4 lite 5G
MOBH25ZHN4MRWKFT,5,oneplus lover,OnePlus Nord CE4 lite 5G
MOBH25ZHN4MRWKFT,5,very good phone and very good performance very good battry backup very good camera,OnePlus Nord CE4 lite 5G
MOBH25ZHN4MRWKFT,5,excellent,OnePlus Nord CE4 lite 5G
MOBH25ZHN4MRWKFT,5,nice phone,OnePlus Nord CE4 lite 5G
MOBH25ZHN4MRWKFT,4,very nice product,OnePlus Nord CE4 lite 5G
MOBH25ZHN4MRWKFT,3,i like it,OnePlus Nord CE4 lite 5G
MOBH25ZHN4MRWKFT,2,no quality mobile,OnePlus Nord CE4 lite 5G
MOBH25ZHN4MRWKFT,5,amazing product with reasonable budget camera quality is good processor display all goods,OnePlus Nord CE4 lite 5G
MOBH25ZHN4MRWKFT,5,nice look and good quality,OnePlus Nord CE4 lite 5G
MOBH25ZHN4MRWKFT,4,the device does not justify its cost camera camera quality is ok not so great battery as a mah battery the battery backup is really good its been easily last days in full charge display display panel does not look amoled display color and contrast looks like ips panel design phone design is very good performance performance is good just cons is a very aged chipset it should be below k,OnePlus Nord CE4 lite 5G
MOBH25ZHN4MRWKFT,5,excellent,OnePlus Nord CE4 lite 5G
MOBH25ZHN4MRWKFT,5,so elegant oneplus ce lite g,OnePlus Nord CE4 lite 5G
MOBH25ZHN4MRWKFT,5,best camera battery backup fast charging and smooth gaming very nice performance,OnePlus Nord CE4 lite 5G
MOBH25ZHN4MRWKFT,5,very nice product thank you flipka,OnePlus Nord CE4 lite 5G
MOBH25ZHN4MRWKFT,5,very good product,OnePlus Nord CE4 lite 5G
MOBH25ZHN4MRWKFT,3,i was much exited to use oneplus phone and buy this phone after a lot of comparison but this mobile mah battery has disappointed me rest phone is ok,OnePlus Nord CE4 lite 5G
MOBH25ZHN4MRWKFT,3,camera quality is not good k,OnePlus Nord CE4 lite 5G
MOBH25ZHN4MRWKFT,5,very nice,OnePlus Nord CE4 lite 5G
MOBH25ZHN4MRWKFT,4,best performance,OnePlus Nord CE4 lite 5G
MOBH25ZHN4MRWKFT,4,nice,OnePlus Nord CE4 lite 5G
MOBH25ZHN4MRWKFT,2,its been just two days and my phone is already slow like turtle,OnePlus Nord CE4 lite 5G
MOBH25ZHN4MRWKFT,5,nice,OnePlus Nord CE4 lite 5G
MOBH25ZHN4MRWKFT,5,mobile quality is excellent battery backup is good best mobile phone in this price,OnePlus Nord CE4 lite 5G
MOBH25ZHN4MRWKFT,5,good,OnePlus Nord CE4 lite 5G
MOBH25ZHN4MRWKFT,5,good purchase,OnePlus Nord CE4 lite 5G
MOBH25ZHN4MRWKFT,5,very very nice phone for camera lovers best price oneplus thanks flipkart,OnePlus Nord CE4 lite 5G
MOBH25ZHN4MRWKFT,5,good and greatful,OnePlus Nord CE4 lite 5G
MOBH25ZHN4MRWKFT,5,good product,OnePlus Nord CE4 lite 5G
MOBH25ZHN4MRWKFT,5,v good mobile but flas light very weak,OnePlus Nord CE4 lite 5G
MOBH25ZHN4MRWKFT,5,very nice mobile performance all over good,OnePlus Nord CE4 lite 5G
MOBH25ZHN4MRWKFT,5,its a perfect phone for daily use camera is decent battery is superb display is great design is boxy performance is also good,OnePlus Nord CE4 lite 5G
MOBH25ZHN4MRWKFT,5,excellent,OnePlus Nord CE4 lite 5G
MOBH25ZHN4MRWKFT,5,wonderful phone i am full happy best phone this price thanks for flipkart and one plus,OnePlus Nord CE4 lite 5G
MOBH25ZHN4MRWKFT,5,nice,OnePlus Nord CE4 lite 5G
MOBH25ZHN4MRWKFT,3,performance camera display quality very disappointing,OnePlus Nord CE4 lite 5G
MOBH25ZHN4MRWKFT,4,good product,OnePlus Nord CE4 lite 5G
MOBH25ZHN4MRWKFT,3,very good product,OnePlus Nord CE4 lite 5G
MOBH25ZHN4MRWKFT,5,nice good,OnePlus Nord CE4 lite 5G
MOBH25ZHN4MRWKFT,3,colour is mind blowing mega blue,OnePlus Nord CE4 lite 5G
MOBH25ZHN4MRWKFT,5,good product works fine,OnePlus Nord CE4 lite 5G
MOBH25ZHN4MRWKFT,3,video quality and camera averga,OnePlus Nord CE4 lite 5G
MOBH25ZHN4MRWKFT,5,i like,OnePlus Nord CE4 lite 5G
MOBH25ZHN4MRWKFT,3,good performance,OnePlus Nord CE4 lite 5G
MOBH25ZHN4MRWKFT,5,this product is very nice good battery good camera,OnePlus Nord CE4 lite 5G
MOBH25ZHN4MRWKFT,4,nice,OnePlus Nord CE4 lite 5G
MOBH25ZHN4MRWKFT,4,good phone,OnePlus Nord CE4 lite 5G
MOBH25ZHN4MRWKFT,5,good quality,OnePlus Nord CE4 lite 5G
MOBH25ZHN4MRWKFT,5,the excellentmuch lighter in weight as expected,OnePlus Nord CE4 lite 5G
MOBH25ZHN4MRWKFT,1,waste of money very cheep quality product,OnePlus Nord CE4 lite 5G
MOBH25ZHN4MRWKFT,5,battery back cap very nice,OnePlus Nord CE4 lite 5G
MOBH25ZHN4MRWKFT,5,nice,OnePlus Nord CE4 lite 5G
MOBH25ZHN4MRWKFT,1,very bad not happy at all,OnePlus Nord CE4 lite 5G
MOBH25ZHN4MRWKFT,5,ite all good,OnePlus Nord CE4 lite 5G
MOBH25ZHN4MRWKFT,4,very good product,OnePlus Nord CE4 lite 5G
MOBH25ZHN4MRWKFT,5,very nice phon,OnePlus Nord CE4 lite 5G
MOBH25ZHN4MRWKFT,4,except camera everything is perfect in the budget friendly phone from one olus,OnePlus Nord CE4 lite 5G
MOBH25ZHN4MRWKFT,5,all is well,OnePlus Nord CE4 lite 5G
MOBH25ZHN4MRWKFT,5,super,OnePlus Nord CE4 lite 5G
MOBH25ZHN4MRWKFT,5,thanks,OnePlus Nord CE4 lite 5G
MOBH25ZHN4MRWKFT,5,excellent,OnePlus Nord CE4 lite 5G
MOBH25ZHN4MRWKFT,5,best mobile in its range and its one plus,OnePlus Nord CE4 lite 5G
MOBH25ZHN4MRWKFT,3,bad phone,OnePlus Nord CE4 lite 5G
MOBH25ZHN4MRWKFT,5,good proformance,OnePlus Nord CE4 lite 5G
MOBH25ZHN4MRWKFT,5,best quality in my order,OnePlus Nord CE4 lite 5G
MOBH25ZHN4MRWKFT,2,performance is not good,OnePlus Nord CE4 lite 5G
MOBH25ZHN4MRWKFT,5,good,OnePlus Nord CE4 lite 5G
MOBH25ZHN4MRWKFT,5,sup,OnePlus Nord CE4 lite 5G
MOBH25ZHN4MRWKFT,5,very good product,OnePlus Nord CE4 lite 5G
MOBH25ZHN4MRWKFT,1,very disappointed with the performance display camera,OnePlus Nord CE4 lite 5G
MOBH25ZHN4MRWKFT,5,good pr,OnePlus Nord CE4 lite 5G
MOBH25ZHN4MRWKFT,4,super,OnePlus Nord CE4 lite 5G
MOBH25ZHN4MRWKFT,5,very nice,OnePlus Nord CE4 lite 5G
MOBH25ZHN4MRWKFT,1,battery backup worst quality after using day in screen line marks so do not buy it and also do not buy from flipkart because there policy is very wrong flipkart not support for any solution regarding my screen problem,OnePlus Nord CE4 lite 5G
MOBH25ZHN4MRWKFT,5,awesome,OnePlus Nord CE4 lite 5G
MOBH25ZHN4MRWKFT,4,camera quality is not good but battery is giving very nice performance overall it deserves star,OnePlus Nord CE4 lite 5G
MOBH25ZHN4MRWKFT,5,nice phone,OnePlus Nord CE4 lite 5G
MOBH25ZHN4MRWKFT,5,nice phone with range in one plus,OnePlus Nord CE4 lite 5G
MOBH25ZHN4MRWKFT,5,ok,OnePlus Nord CE4 lite 5G
MOBH25ZHN4MRWKFT,5,good quality phone,OnePlus Nord CE4 lite 5G
MOBH25ZHN4MRWKFT,5,super and dolby sound battery life is very good,OnePlus Nord CE4 lite 5G
MOBH25ZHN4MRWKFT,5,very nice product,OnePlus Nord CE4 lite 5G
MOBH25ZHN4MRWKFT,5,excellent,OnePlus Nord CE4 lite 5G
MOBH25ZHN4MRWKFT,5,the display is good battery backup is also good,OnePlus Nord CE4 lite 5G
MOBH25ZHN4MRWKFT,1,its camera quality is very poor it is better than the old phone which costs half of this,OnePlus Nord CE4 lite 5G
MOBHFZZKVSG6MJDH,5,if anyone buy this product please read my review battery is good and fast chargingcamera quantity is gooddisplay is also good but i noticed a small heating problem design average sound quality also good finally worth of money but a small heating problem,realme P1 Pro 5G
MOBHFZZKVSG6MJDH,5,very good phone,realme P1 Pro 5G
MOBHFZZKVSG6MJDH,4,good and fast,realme P1 Pro 5G
MOBHFZZKVSG6MJDH,5,totally satisfied exelent performance must buy in reasonable prize thank you fp,realme P1 Pro 5G
MOBHFZZKVSG6MJDH,5,best phone,realme P1 Pro 5G
MOBHFZZKVSG6MJDH,4,i like it value for money,realme P1 Pro 5G
MOBHFZZKVSG6MJDH,3,this is good for worth but battery drain was very faster,realme P1 Pro 5G
MOBHFZZKVSG6MJDH,4,nice,realme P1 Pro 5G
MOBHFZZKVSG6MJDH,4,excellent mobile camera and battery very good go,realme P1 Pro 5G
MOBHFZZKVSG6MJDH,5,i am happy value for money all over is good,realme P1 Pro 5G
MOBHFZZKVSG6MJDH,5,the phone is good but the design of two fake camera looks cheap battery drains fast if you are heavy user charger included in box curve display is also good,realme P1 Pro 5G
MOBHFZZKVSG6MJDH,5,nice mobile new look good phone,realme P1 Pro 5G
MOBHFZZKVSG6MJDH,5,one of the best value for money,realme P1 Pro 5G
MOBHFZZKVSG6MJDH,5,if you use continue then the battery lasts for day and its display is very good i like the design and it is good i enjoy driving it i like the phone i used video call movie video game everything then the battery ran very comfortably for day,realme P1 Pro 5G
MOBHFZZKVSG6MJDH,4,with the use of a day review great performance and good camera quality and ui experience must buy product,realme P1 Pro 5G
MOBHFZZKVSG6MJDH,5,good,realme P1 Pro 5G
MOBHFZZKVSG6MJDH,5,love this product,realme P1 Pro 5G
MOBHFZZKVSG6MJDH,5,nice pic,realme P1 Pro 5G
MOBHFZZKVSG6MJDH,5,good,realme P1 Pro 5G
MOBHFZZKVSG6MJDH,2,phone disigner cheats me about camara disigne phone is overall good this phone have only two camera senses but they are showing camaras to make us fool its specifications shows it have macro mode but i did not find that option on its camara,realme P1 Pro 5G
MOBHFZZKVSG6MJDH,5,value for money,realme P1 Pro 5G
MOBHFZZKVSG6MJDH,5,phone is so much better than other i am very happy to purchase the product all facilities are good display quality is awesome overall this phone is too much good thank you,realme P1 Pro 5G
MOBHFZZKVSG6MJDH,5,very nice photo,realme P1 Pro 5G
MOBHFZZKVSG6MJDH,5,the phone is really good and i have always been a fan of oppo company and it manufactures nice phones at affordable prices this real me with gb ram and gb storage is awesome,realme P1 Pro 5G
MOBHFZZKVSG6MJDH,4,thank you,realme P1 Pro 5G
MOBHFZZKVSG6MJDH,3,this phone is very bad in network because of this problem my important calls missed many time and i again and again restart the phone for network,realme P1 Pro 5G
MOBHFZZKVSG6MJDH,4,good product,realme P1 Pro 5G
MOBHFZZKVSG6MJDH,5,real p pro g is the best mobile for this price segment i love this mobile design and performance and this mobile curved display is the best video experience provide i love this mobile,realme P1 Pro 5G
MOBHFZZKVSG6MJDH,5,worth value for money very happy,realme P1 Pro 5G
MOBHFZZKVSG6MJDH,5,awesome,realme P1 Pro 5G
MOBHFZZKVSG6MJDH,5,nise,realme P1 Pro 5G
MOBHFZZKVSG6MJDH,3,good productgood display and camera quality is bad,realme P1 Pro 5G
MOBHFZZKVSG6MJDH,3,good,realme P1 Pro 5G
MOBHFZZKVSG6MJDH,4,nice product,realme P1 Pro 5G
MOBHFZZKVSG6MJDH,3,the camera does not meet expectations the product description suggested it would deliver dslrquality images but that is not the case this is misleading information i recommend considering a different device please note the x zoom feature is not available in portrait mode editing mode not possible for bg blur selfy camera is good,realme P1 Pro 5G
MOBHFZZKVSG6MJDH,3,overall it is good but camera could be more better and it only supports k fps,realme P1 Pro 5G
MOBHFZZKVSG6MJDH,1,i received the realme p letest launched mobile on rd july i had cloned data from my old realme phone on th july updated all apps and as instructed suddenly on th july morning mobile got hanged and switched off and now not switching on tried to charge phone whole day thinking it may low battery however no luck hence returned back for refund replacement the defective piece but no luck replacement claim rejected service centre saying that you are let however till today in flipkar read more,realme P1 Pro 5G
MOBHFZZKVSG6MJDH,5,really good and very much for realme i love realme,realme P1 Pro 5G
MOBHFZZKVSG6MJDH,5,nice phone,realme P1 Pro 5G
MOBHFZZKVSG6MJDH,5,super,realme P1 Pro 5G
MOBHFZZKVSG6MJDH,4,each and everything from camera performance to battery storage is simply satisfying just the screen feels a little blurry when ever i see my other phone and see this i feel that screen is not giving me the feel if hd screen while playing bgmi as well it works on only fps it could have been atleast for good taking experience,realme P1 Pro 5G
MOBHFZZKVSG6MJDH,5,axxcilent product,realme P1 Pro 5G
MOBHFZZKVSG6MJDH,4,display quality,realme P1 Pro 5G
MOBHFZZKVSG6MJDH,5,good and best smartphone in market,realme P1 Pro 5G
MOBHFZZKVSG6MJDH,5,excellent value for money,realme P1 Pro 5G
MOBHFZZKVSG6MJDH,5,look this price range is awesome one of the best mid range phone for all of us,realme P1 Pro 5G
MOBHFZZKVSG6MJDH,4,over all good but camera quality very chip,realme P1 Pro 5G
MOBHFZZKVSG6MJDH,5,all performance are good,realme P1 Pro 5G
MOBHFZZKVSG6MJDH,5,very good and nice product,realme P1 Pro 5G
MOBHFZZKVSG6MJDH,5,good phone for all types of users,realme P1 Pro 5G
MOBHFZZKVSG6MJDH,4,overall budget friendly,realme P1 Pro 5G
MOBHFZZKVSG6MJDH,4,everything is fabulous but camera could be little better overall i am satisfied,realme P1 Pro 5G
MOBHFZZKVSG6MJDH,4,nice one phone,realme P1 Pro 5G
MOBHFZZKVSG6MJDH,5,nice,realme P1 Pro 5G
MOBHFZZKVSG6MJDH,1,very bad product camera quality very poor,realme P1 Pro 5G
MOBHFZZKVSG6MJDH,5,good phone,realme P1 Pro 5G
MOBHFZZKVSG6MJDH,5,good,realme P1 Pro 5G
MOBHFZZKVSG6MJDH,5,very nice productvaluable purchasecamera bestbattery performance and sound quality and all are good in this phoneiam happy to purchase this,realme P1 Pro 5G
MOBHFZZKVSG6MJDH,5,camera could be better battery display very smooth design can be used one hand performance no any problem,realme P1 Pro 5G
MOBHFZZKVSG6MJDH,3,camera suddenly stop working every day after to photos click by camera showingsaveing on screen need to restart ever time not happy with mobile camera,realme P1 Pro 5G
MOBHFZZKVSG6MJDH,5,super very nice,realme P1 Pro 5G
MOBHFZZKVSG6MJDH,4,very good,realme P1 Pro 5G
MOBHFZZKVSG6MJDH,5,nyc products thanq realme,realme P1 Pro 5G
MOBHFZZKVSG6MJDH,5,go,realme P1 Pro 5G
MOBHFZZKVSG6MJDH,4,it is good but its battery charging is taking to much of time,realme P1 Pro 5G
MOBHFZZKVSG6MJDH,5,so beautiful,realme P1 Pro 5G
MOBHFZZKVSG6MJDH,5,very good mobile,realme P1 Pro 5G
MOBHFZZKVSG6MJDH,1,not good at all,realme P1 Pro 5G
MOBHFZZKVSG6MJDH,1,battery very bad,realme P1 Pro 5G
MOBHFZZKVSG6MJDH,5,nice g speed,realme P1 Pro 5G
MOBHFZZKVSG6MJDH,5,amazing product good build quality above average cameras decent battery average charging speed good design worth paying k,realme P1 Pro 5G
MOBHFZZKVSG6MJDH,5,realme phone is best phone is best display i am only realme phone user,realme P1 Pro 5G
MOBHFZZKVSG6MJDH,5,nice phone,realme P1 Pro 5G
MOBHFZZKVSG6MJDH,5,good pro,realme P1 Pro 5G
MOBHFZZKVSG6MJDH,5,amazing,realme P1 Pro 5G
MOBHFZZKVSG6MJDH,2,the charger of this phone runs out very fast but bettery backup is very bad,realme P1 Pro 5G
MOBHFZZKVSG6MJDH,1,the worst phone i have ever seen overheating issue please do not buy it,realme P1 Pro 5G
MOBHFZZKVSG6MJDH,5,good qu,realme P1 Pro 5G
MOBHFZZKVSG6MJDH,5,best in class,realme P1 Pro 5G
MOBHFZZKVSG6MJDH,5,very nice phone you must buy,realme P1 Pro 5G
MOBHFZZKVSG6MJDH,5,its very good,realme P1 Pro 5G
MOBHFZZKVSG6MJDH,3,average phone,realme P1 Pro 5G
MOBHFZZKVSG6MJDH,4,good camera ama,realme P1 Pro 5G
MOBHFZZKVSG6MJDH,5,overall good pr,realme P1 Pro 5G
MOBHFZZKVSG6MJDH,5,very good,realme P1 Pro 5G
MOBHFZZKVSG6MJDH,5,very good phone,realme P1 Pro 5G
MOBHFZZKVSG6MJDH,1,changing issue,realme P1 Pro 5G
MOBHFZZKVSG6MJDH,4,good phone,realme P1 Pro 5G
MOBHFZZKVSG6MJDH,5,super super,realme P1 Pro 5G
MOBHFZZKVSG6MJDH,1,bad battery life,realme P1 Pro 5G
MOBHFZZKVSG6MJDH,5,camera display saund performance procecer,realme P1 Pro 5G
MOBHFZZKVSG6MJDH,4,good mobile,realme P1 Pro 5G
MOBHFZZKVSG6MJDH,5,value for money and awesome display,realme P1 Pro 5G
MOBHFZZKVSG6MJDH,5,value of mo,realme P1 Pro 5G
MOBHFZZKVSG6MJDH,5,nice looking and best of battery backup and best corved display mobile,realme P1 Pro 5G
MOBHFZZKVSG6MJDH,4,good,realme P1 Pro 5G
MOBHFZZKVSG6MJDH,5,good,realme P1 Pro 5G
MOBHFZZKVSG6MJDH,5,nice phone,realme P1 Pro 5G
MOBHFZZKVSG6MJDH,5,awesome display buttery smooth,realme P1 Pro 5G
MOBHFZZKVSG6MJDH,4,nice phone,realme P1 Pro 5G
MOBH3XHR46RHEMVH,5,awesome phone value for money best in market but camera glass is sensitive use carefully,vivo T3 Pro 5G
MOBH3XHR46RHEMVH,5,just looking like a woow,vivo T3 Pro 5G
MOBH3XHR46RHEMVH,5,super camera quality value of money,vivo T3 Pro 5G
MOBH3XHR46RHEMVH,5,camera battery performance bgmi constant fps gameplay but medium heating issue display overall charging very fast speaker loud auto call record great g connection overall it really worth it in this price range,vivo T3 Pro 5G
MOBH3XHR46RHEMVH,5,allrounder mobile from vivo battery performance selfie camera main camera design n look just awesome flash charge thank you flipkart,vivo T3 Pro 5G
MOBH3XHR46RHEMVH,5,all over a very good productthe picture quality of the camera is very good the value of money,vivo T3 Pro 5G
MOBH3XHR46RHEMVH,5,mast i like it amazing performance and battery backup is good camera performs well curve display feels premium,vivo T3 Pro 5G
MOBH3XHR46RHEMVH,5,nice design and looking awesomecamera good battery performance k,vivo T3 Pro 5G
MOBH3XHR46RHEMVH,5,best of the best mobile blindly go for it camera x potrait capture dslr type img battery very impressed days backup charging hardly takes min to fully charge display top notch amoled d curve display speaker best quality performance beast ui if you remove all ads settings smooth clean ui is awaiting for you with no bugslags funtouch os is very optimised overall very good phone best in market,vivo T3 Pro 5G
MOBH3XHR46RHEMVH,5,its a very light weight and slim phone with mah battery awesome design display is very bright camera is good in the price range charging speed is also superb and battery performance is awesome lasts easily a day,vivo T3 Pro 5G
MOBH3XHR46RHEMVH,5,good,vivo T3 Pro 5G
MOBH3XHR46RHEMVH,5,everything is good like camera battery display i will update in next seven days overall this is budget phone,vivo T3 Pro 5G
MOBH3XHR46RHEMVH,5,very good camera and best for gaming,vivo T3 Pro 5G
MOBH3XHR46RHEMVH,5,very good product with superfast delivery,vivo T3 Pro 5G
MOBH3XHR46RHEMVH,5,best in this segment,vivo T3 Pro 5G
MOBH3XHR46RHEMVH,4,this phone feature specifications all are good,vivo T3 Pro 5G
MOBH3XHR46RHEMVH,4,overall everything is goodcamera is very good and also massive battery but i slightly disappointed for the back colour the sandstone orange colour is not too bright as shown in the image,vivo T3 Pro 5G
MOBH3XHR46RHEMVH,5,perfect phone under the budget of k display camera look everything is awesome the battery backup is really really great ai eraser in the photo editing section its working very well my rating is out of the only thing i noticed was that need to improve the portrait mode in the camera section,vivo T3 Pro 5G
MOBH3XHR46RHEMVH,5,superb excellent phone in the price segment super fast delivery thanks flipkart,vivo T3 Pro 5G
MOBH3XHR46RHEMVH,4,i am writing review after using days pros design is awesome feel very light weight and very sleek design feel very comfortable and have perfect grip camera is perfect you can capture perfect picture in this price range network connection is perfect having no any issue related network display its ok needs some more colour detailing in this price range but overall perfectthere is no much more use of peak brightness its all are advertising propoganda heating read more,vivo T3 Pro 5G
MOBH3XHR46RHEMVH,5,slimmest mobile nice performance,vivo T3 Pro 5G
MOBH3XHR46RHEMVH,5,back camera quality is very good picture perfect mobile battery easily withstand days at this price range display is class overall best buy,vivo T3 Pro 5G
MOBH3XHR46RHEMVH,5,everything is very good,vivo T3 Pro 5G
MOBH3XHR46RHEMVH,5,i love vivo,vivo T3 Pro 5G
MOBH3XHR46RHEMVH,4,battery backup is good charging speed is fast good divice,vivo T3 Pro 5G
MOBH3XHR46RHEMVH,5,best performance by a gaming,vivo T3 Pro 5G
MOBH3XHR46RHEMVH,5,performance is too good besi gaming phone under k battery and display is also top notch selfie camera could have been better,vivo T3 Pro 5G
MOBH3XHR46RHEMVH,5,awesome phone superb camera super battery sarwa gun sampan,vivo T3 Pro 5G
MOBH3XHR46RHEMVH,5,very good,vivo T3 Pro 5G
MOBH3XHR46RHEMVH,5,best quality photos and videos,vivo T3 Pro 5G
MOBH3XHR46RHEMVH,5,my primary preference of a mobile phone was better displaybetter battery backup and charging speed in all formats the phone stands superb the camera quality is top notch,vivo T3 Pro 5G
MOBH3XHR46RHEMVH,5,nice product vivo,vivo T3 Pro 5G
MOBH3XHR46RHEMVH,5,ok go with a good at this price range k but you will buy with offers only in between k with any offers not value of money because some features there no in this mobile like nfc gorilla glass with storage side,vivo T3 Pro 5G
MOBH3XHR46RHEMVH,5,great phone in this price segment display camera back front battery performance looks and design,vivo T3 Pro 5G
MOBH3XHR46RHEMVH,4,battery is super front camera is good back camera portrait mode us osm performances is osm charging speed is osm finally we ignoreing front camera than over all decent smartphone,vivo T3 Pro 5G
MOBH3XHR46RHEMVH,5,camera display battery performance overall excellent smartphone in this price,vivo T3 Pro 5G
MOBH3XHR46RHEMVH,5,the phone is good it feels so light the screen is good too the front camera could be improved a little but still does the job overall i have no complaints from this phone there are just some little bugs which i hope would be fixed in future by vivo gaming is awesome in this phone so far i have seen no hang or such thing battery backup is awesome you could easily play games whole day and it does not take much time for charge too the speaker quality could be improved gamers you ca read more,vivo T3 Pro 5G
MOBH3XHR46RHEMVH,5,i using this mobile as a normal user not heavy user battery is big power backup once charge upto days lasts and camera is superb display also good design is very slim and light weight and performance also very good overall vivo t pro is a excellent,vivo T3 Pro 5G
MOBH3XHR46RHEMVH,5,very nice camera phone,vivo T3 Pro 5G
MOBH3XHR46RHEMVH,5,vivo t pro is the best phone,vivo T3 Pro 5G
MOBH3XHR46RHEMVH,5,best phone in this segment for a reason epic display with a consistent camera and monster processor to handle all the process smoothly,vivo T3 Pro 5G
MOBH3XHR46RHEMVH,4,t pro is degradation of t pro camera is not as good as t pro not even as moto edge fusion i have bought t pro and moto edge fusion both this month i must say moto is better moto camera look has beaten vivo t pro,vivo T3 Pro 5G
MOBH3XHR46RHEMVH,5,a good phone under k pros battery is awesome i am getting almost hours screen on time for casual use if you switch to battery saver mode you can easily get more than that powerful performance for daytoday life no major heating even while charging camera is good especially portrait photos surprisingly sometimes it gives better portrait processing than my iphone but cannot expect iphone level resolution for photos video is very average sterio speaker quality is very read more,vivo T3 Pro 5G
MOBH3XHR46RHEMVH,3,overall its a good all rounder phone slight disappointment with display although enough bright but color accuracy dull l my previous realme pro has better display vivo should be work on display,vivo T3 Pro 5G
MOBH3XHR46RHEMVH,5,superb phone,vivo T3 Pro 5G
MOBH3XHR46RHEMVH,5,very nice,vivo T3 Pro 5G
MOBH3XHR46RHEMVH,4,good product just little bit battery drain camera awesome display very good too much app pre installed is disturbing disign and look awesome,vivo T3 Pro 5G
MOBH3XHR46RHEMVH,4,loved my product fast great screen long battery life and affordable camera quality could be enhanced great value overall,vivo T3 Pro 5G
MOBH3XHR46RHEMVH,5,aal good,vivo T3 Pro 5G
MOBH3XHR46RHEMVH,5,very nice mobile camera battery display,vivo T3 Pro 5G
MOBH3XHR46RHEMVH,4,everything is awesome but the front camera is average,vivo T3 Pro 5G
MOBH3XHR46RHEMVH,4,enjoyed while operatingbattery backup is outstanding and impressive camera is also decent design is also captivating,vivo T3 Pro 5G
MOBH3XHR46RHEMVH,5,all over a very good product the picture quality of the camera is very good and battery backup also very good no hetting issuethe value of money,vivo T3 Pro 5G
MOBH3XHR46RHEMVH,5,excellent if you r looking for a mobile under k then this is for you but i got this in k by exchange my old phone so go for it camera design performance all are fine budget friendly mobile,vivo T3 Pro 5G
MOBH3XHR46RHEMVH,4,charging adaptor heating problem iska solution very soon,vivo T3 Pro 5G
MOBH3XHR46RHEMVH,4,under k best all rounder phone among all other brands,vivo T3 Pro 5G
MOBH3XHR46RHEMVH,5,blindly go for it really worth i used it for five days and i am still very impressed camera is good screen brightness is too good even in sunlight battery also good charged minutes it reaches from over all worth value for money mind blowing product i wrote this review after using days,vivo T3 Pro 5G
MOBH3XHR46RHEMVH,5,good,vivo T3 Pro 5G
MOBH3XHR46RHEMVH,4,camera design battery performance overall vivo t pro is very good this price segment and camera is really pretty,vivo T3 Pro 5G
MOBH3XHR46RHEMVH,5,nice device,vivo T3 Pro 5G
MOBH3XHR46RHEMVH,5,camera quality is good gaming performance is also good and the design of this phone is too good,vivo T3 Pro 5G
MOBH3XHR46RHEMVH,4,very good phone in this price range,vivo T3 Pro 5G
MOBH3XHR46RHEMVH,5,good product ram gb storage gb and camera very good colour orange display smooth touch super battery backup good,vivo T3 Pro 5G
MOBH3XHR46RHEMVH,5,nice phone,vivo T3 Pro 5G
MOBH3XHR46RHEMVH,3,portrait mode is awesome fast charging but display is not scratch proof device is ok but price should be in range of k,vivo T3 Pro 5G
MOBH3XHR46RHEMVH,5,super thanks,vivo T3 Pro 5G
MOBH3XHR46RHEMVH,3,value for money charger is very good minute full charging,vivo T3 Pro 5G
MOBH3XHR46RHEMVH,5,not bad awesome product best overall,vivo T3 Pro 5G
MOBH3XHR46RHEMVH,5,camera is ok remaining all specs are awesome writing this review after week of usage,vivo T3 Pro 5G
MOBH3XHR46RHEMVH,5,allrounder,vivo T3 Pro 5G
MOBH3XHR46RHEMVH,5,value for money best performance and camera in this price of segment,vivo T3 Pro 5G
MOBH3XHR46RHEMVH,5,excellent camera and display quality is very good,vivo T3 Pro 5G
MOBH3XHR46RHEMVH,4,nice design and performance phone,vivo T3 Pro 5G
MOBH3XHR46RHEMVH,4,jayanta good photo good phoon,vivo T3 Pro 5G
MOBH3XHR46RHEMVH,4,good cemara,vivo T3 Pro 5G
MOBH3XHR46RHEMVH,3,back cam good front cam not good noisy,vivo T3 Pro 5G
MOBH3XHR46RHEMVH,3,all things are good but front camera is so bad in this price point,vivo T3 Pro 5G
MOBH3XHR46RHEMVH,5,camera battery display performance vivo is real brand i am shifted oneplus to vivo t pro,vivo T3 Pro 5G
MOBH3XHR46RHEMVH,4,simply superb in all aspects with this price range go for it,vivo T3 Pro 5G
MOBH3XHR46RHEMVH,5,very nice storage,vivo T3 Pro 5G
MOBH3XHR46RHEMVH,5,good,vivo T3 Pro 5G
MOBH3XHR46RHEMVH,5,the camera is good and the performance is also good,vivo T3 Pro 5G
MOBH3XHR46RHEMVH,5,excellent performance,vivo T3 Pro 5G
MOBH3XHR46RHEMVH,5,everything is fine and smooth camera is good,vivo T3 Pro 5G
MOBH3XHR46RHEMVH,5,iam using this mobile good proseser and camera quality super iam happy,vivo T3 Pro 5G
MOBH3XHR46RHEMVH,5,nice,vivo T3 Pro 5G
MOBH3XHR46RHEMVH,5,very good very nice best product very for money,vivo T3 Pro 5G
MOBH3XHR46RHEMVH,4,my year old samsung galaxy f had a better camera than this phone front camera is okay but i expected better from vivo especially in the front camera performance is good display is very good aod cannot be used the whole day overall it is a good phone expected better camera,vivo T3 Pro 5G
MOBH3XHR46RHEMVH,5,my mobile phone average for better then good othwise phone design good,vivo T3 Pro 5G
MOBH3XHR46RHEMVH,5,overall the phone is good but the camera size and camera design can be improved,vivo T3 Pro 5G
MOBH3XHR46RHEMVH,5,super super great mobile,vivo T3 Pro 5G
MOBH3XHR46RHEMVH,4,all is good but hit up while charging,vivo T3 Pro 5G
MOBH3XHR46RHEMVH,5,best phone in this price range camera at night is also good there is a slightly issue with the touch,vivo T3 Pro 5G
MOBH3XHR46RHEMVH,5,camera camera is quite good specially the potrait is superb selfie could have been better nothing less its totally satisfactory performs very good even at low light performance handles day to day task and heavy games quite easily bgmizenshain impact runs at good graphics display curve display is very good colours are bright and punchy deep blacks are noticeable hdr content runs smoothly battery can lasts a day easily with moderate to heavy usage take abo read more,vivo T3 Pro 5G
MOBH3XHR46RHEMVH,5,product is nice,vivo T3 Pro 5G
MOBH3XHR46RHEMVH,5,thanks,vivo T3 Pro 5G
MOBH3XHR46RHEMVH,4,battery backup well processor performance good design nice note the company should have given corning gorilla glass protection in this mobile and the front camera should have been megapixels,vivo T3 Pro 5G
MOBH3XHR46RHEMVH,4,nice product camera and battery performance is awesome,vivo T3 Pro 5G
MOBH3XHR46RHEMVH,4,except camera all good i do not use mobile camera to take pictures so overall i am satisfied,vivo T3 Pro 5G
MOBH3XHR46RHEMVH,4,design is awesome battery is very good camera is average for camera i would not recommend this phone at all my years old realme x can take far better pic then this phone,vivo T3 Pro 5G
